[{"line":2,"elements":[{"start_timestamp":"2024-01-24T16:28:18.216Z","line":16,"name":"to test search using valid search","description":"","id":"to-test-search-functionality-using-excel-data;to-test-search-using-valid-search;;2","type":"scenario","keyword":"Scenario Outline","steps":[{"result":{"duration":1893520900,"status":"passed"},"line":9,"name":"user opens browser","match":{"location":"Steps.ExcelSteps.user_opens_browser()"},"keyword":"Given "},{"result":{"duration":6366982200,"status":"passed"},"line":10,"name":"user is on search page","match":{"location":"Steps.ExcelSteps.user_is_on_search_page()"},"keyword":"And "},{"result":{"duration":1988063800,"status":"passed"},"line":11,"name":"user enters a valid search using excel \"1\"","match":{"arguments":[{"val":"\"1\"","offset":39}],"location":"Steps.ExcelSteps.user_enters_a_valid_search_using_excel(java.lang.String)"},"keyword":"When "},{"result":{"duration":3232381400,"status":"passed"},"line":12,"name":"user should sees the results","match":{"location":"Steps.ExcelSteps.user_should_sees_the_results()"},"keyword":"Then "}]},{"start_timestamp":"2024-01-24T16:28:31.748Z","line":17,"name":"to test search using valid search","description":"","id":"to-test-search-functionality-using-excel-data;to-test-search-using-valid-search;;3","type":"scenario","keyword":"Scenario Outline","steps":[{"result":{"duration":860449800,"status":"passed"},"line":9,"name":"user opens browser","match":{"location":"Steps.ExcelSteps.user_opens_browser()"},"keyword":"Given "},{"result":{"duration":6065812900,"status":"passed"},"line":10,"name":"user is on search page","match":{"location":"Steps.ExcelSteps.user_is_on_search_page()"},"keyword":"And "},{"result":{"duration":428520700,"status":"passed"},"line":11,"name":"user enters a valid search using excel \"2\"","match":{"arguments":[{"val":"\"2\"","offset":39}],"location":"Steps.ExcelSteps.user_enters_a_valid_search_using_excel(java.lang.String)"},"keyword":"When "},{"result":{"duration":3077019700,"status":"passed"},"line":12,"name":"user should sees the results","match":{"location":"Steps.ExcelSteps.user_should_sees_the_results()"},"keyword":"Then "}]},{"start_timestamp":"2024-01-24T16:28:42.195Z","line":18,"name":"to test search using valid search","description":"","id":"to-test-search-functionality-using-excel-data;to-test-search-using-valid-search;;4","type":"scenario","keyword":"Scenario Outline","steps":[{"result":{"duration":823939200,"status":"passed"},"line":9,"name":"user opens browser","match":{"location":"Steps.ExcelSteps.user_opens_browser()"},"keyword":"Given "},{"result":{"duration":6540137400,"status":"passed"},"line":10,"name":"user is on search page","match":{"location":"Steps.ExcelSteps.user_is_on_search_page()"},"keyword":"And "},{"result":{"duration":402886700,"status":"passed"},"line":11,"name":"user enters a valid search using excel \"3\"","match":{"arguments":[{"val":"\"3\"","offset":39}],"location":"Steps.ExcelSteps.user_enters_a_valid_search_using_excel(java.lang.String)"},"keyword":"When "},{"result":{"duration":3230822400,"status":"passed"},"line":12,"name":"user should sees the results","match":{"location":"Steps.ExcelSteps.user_should_sees_the_results()"},"keyword":"Then "}]},{"start_timestamp":"2024-01-24T16:28:53.206Z","line":19,"name":"to test search using valid search","description":"","id":"to-test-search-functionality-using-excel-data;to-test-search-using-valid-search;;5","type":"scenario","keyword":"Scenario Outline","steps":[{"result":{"duration":1114855300,"status":"passed"},"line":9,"name":"user opens browser","match":{"location":"Steps.ExcelSteps.user_opens_browser()"},"keyword":"Given "},{"result":{"duration":6008488400,"status":"passed"},"line":10,"name":"user is on search page","match":{"location":"Steps.ExcelSteps.user_is_on_search_page()"},"keyword":"And "},{"result":{"duration":473790500,"status":"passed"},"line":11,"name":"user enters a valid search using excel \"4\"","match":{"arguments":[{"val":"\"4\"","offset":39}],"location":"Steps.ExcelSteps.user_enters_a_valid_search_using_excel(java.lang.String)"},"keyword":"When "},{"result":{"duration":3098242500,"status":"passed"},"line":12,"name":"user should sees the results","match":{"location":"Steps.ExcelSteps.user_should_sees_the_results()"},"keyword":"Then "}]}],"name":"to test search functionality using excel data","description":"  As a user i want to test the aplication so that it will be bug free  #feature description","id":"to-test-search-functionality-using-excel-data","keyword":"Feature","uri":"file:src/test/resources/Feature/excellogin.feature","tags":[]}]