<?xml version="1.0" encoding="UTF-8"?>

<Configuration status="WARN">



    <Appenders>

		<!-- Simple console logger --> 

        <Console name="LogToConsole" target="SYSTEM_OUT">

            <PatternLayout pattern="%d{HH:mm:ss.SSS} [%t] %-5level %logger - %msg%n"/>

        </Console>

    	<!-- Simple file logger -->

    	<RollingFile name="LogToRollingFile" fileName="logs/automation-log.log" filePattern="logs/automation-log-%d{yyyy-MM-dd}.log">

            <PatternLayout>

                <pattern>%d{HH:mm:ss.SSS} [%t] %-5level %logger{36} - %msg%n</pattern>

            </PatternLayout>

            <Policies>

                <TimeBasedTriggeringPolicy interval="1" modulate="true" />

                <SizeBasedTriggeringPolicy size="10 MB"/>

            </Policies>

    	</RollingFile>

    </Appenders>

    <Loggers>

        <Logger name="com.StepDefinitions.LoginSteps" level="debug" additivity="false">

            <AppenderRef ref="LogToRollingFile"/>

        </Logger>

       <Root level="All">

    <AppenderRef ref="LogToRollingFile"/>

</Root>

    </Loggers>

</Configuration>
